Saint-Priest,69,40944,29.7,155
Versailles,78,85761,26.2,46
Sarcelles,95,57851,8.5,84
Vitrolles,13,36739,36.6,188
Asnières-sur-Seine,92,75832,4.8,56
Albi,81,46299,44.3,129
Alès,30,39282,23.2,168
Saint-Herblain,44,43728,30.0,137
La-Rochelle,17,76711,28.4,54
Fréjus,83,46770	,102.3,125
Avignon,84,85937,64.8,45
Roanne,42,38880,16.1,172
Nancy,54,103552,15.0,37
Le-Havre,76,190924,47.0,11
Béziers,34,69359,95.5,64
Beauvais,60,55371,33.3,90
Mérignac,33,61990,48.2,75
Strasbourg,67,263941,78.3,7
Le-Tampon,974,60311,165.4,77
Cergy,95,54816,11.7,91
Saint-Quentin,02,59049,22.6,82
Rosny-sous-Bois,93,39097,5.9,170
Villejuif,94,47414,5.3,120
Troyes,10,60903,13.2,76
Angers,49,151322,42.7,17
Belfort,90,50406,17.1,106
Saint-Louis,974	,43491,98.9,142
Bondy,93,46829,5.5,124
Rouen,76,106560,21.4,34
Brive-la-Gaillarde,19,49127,48.6,117
Noisy-le-Sec,93,37323,5.0,181
Les-Abymes,971,63001,81.3,73
Saint-Denis,974,131649,142.8,27
Niort,79,56661,68.2,85
Poitiers,86,83507,42.1,48
Antibes,06,72454,26.5,60
Corbeil-Essonnes,91,39384,11.0,167
Aubagne,13,42681,54.9,148
Chalon-sur-Saône,71,50110,15.2,111
Nîmes,30,133406	,161.9,25
Courbevoie,92,69665,4.2,63
Le-Lamentin,972	,35488,62.3,199
Bobigny,93,44118,6.8,133
Chambéry,73,55762,21.0,88
Martigues,13,43579,71.4,141
Clamart,92,48619,8.8,119
Garges-lès-Gonesse,95,40060,5.5,163
Mantes-la-Jolie,78,43679,9.4,139
Amiens,80,135449,49.5,22
Toulon,83,160712,42.8,15
Lens,62,36192,11.7,193
Douai,59,42812,16.9,146
Cannes,06,67406	,19.6,66
Aix-en-Provence,13,134324,186.1,23
Gennevilliers,92,42344,11.6,149
Dijon,21,150138,40.4,18
Le-Port,974,38367,16.6,173
Thionville,57,40863,49.9,158
Calais,62,77317	,33.5,53
évry,91,49397,8.3,114
Noisy-le-Grand,93,58193,13.0,83
Meaux,77,49348,14.8,115
Villeneuve-d'Ascq,59,64997,22.7,69
Meudon,92,43694,9.9,138
Nevers,58,40934,17.3,156
La-Seyne-sur-Mer,83,60070,22.2,78
Saint-Maur-des-Fossés,94,73071,11.3,59
Nice,06,343123,71.9,5
Blois,41,49062,37.5,118
Bordeaux,33,215374,49.4,9
Fort-de-France,972,94152,44.2,39
Bourg-en-Bresse,01,4062,23.9,159
Montreuil,93,90735,8.9,42
Quimper,29,63274,84.5,71
Marseille,13,797491,240.6,2
Carcassonne,11,43937,65.1,134
évreux,27,51159,26.5,99
épinay-sur-Seine,93,46558,4.6,126
Boulogne-sur-Mer,62,44865,8.4,132
Wattrelos,59,42719,13.4,147
Ivry-sur-Seine,94,50951,6.1,102
Talence,33,37228,8.4,183
Cagnes-sur-Mer,06,43929,18.0,135
Drancy,93,62271,7.8,74
Brest,29,149649,49.5,19
Montauban,82,51889,135.2,96
Caluire-et-Cuire,69,41248,10.5,153
Tourcoing,59,93531,15.2,41
Sartrouville,78	,50222,8.5,110
Metz,57,123704,41.9,29
Angoulême,16,43137,21.9,145
Lorient,56,59224,17.5,81
Créteil,94,81786,11.4,49
Cayenne,973,50395,23.6,107
Valenciennes,59	,41251,13.8,152
Aulnay-sous-Bois,93,80030,16.2,50
Bagneux,92,37215,4.2,184
Sète,34,39579,24.2,166
Valence,26,64222,36.7,70
Grenoble,38,153426,18.1,16
Poissy,78,35815	,13.3,194
Dunkerque,59,70834,37.3,62
Pessac,33,56151	,38.8,86
Nantes,44,270343,65.2,6
Alfortville,94,36319,3.7,190
Châteauroux,36,49598,25.5,113
Bastia,2,37880,19.4,175
Villeurbanne,69,124152,14.5,28
Pau,64,78800,31.5,52
Toulouse,31,390301,118.3,4
Châlons-en-Champagne,51,47338,26.1,121
Cholet,49,54215,87.5,93
Boulogne-Billancourt,92,106316	,6.2,35
Le-Mans,72,146064,52.8,20
Fontenay-sous-Bois,94,50865,5.6,103
Charleville-Mézières,08,55481,31.4,89
Laval,53,50956,34.2,101
Salon-de-Provence,13,3709,70.3,186
Aubervilliers,93,63130,5.8,72
Castres,81,43451,98.2,143
Hyères,83,51412,132.4,98
Montluçon,03,41350,20.7,151
Livry-Gargan,93	,37283,7.4,182
Paris,75,2125851,105.4,1
Reims,51,187181	,46.9,12
Rueil-Malmaison,92,73599,14.7,58
Arles,13,50467,758.9,105
Issy-les-Moulineaux,92,52642,4.3,95
Saint-Germain-en-Laye,78,38124	,48.3,174
Melun,77,35660,8.0,197
Saint-Denis,93,85994,12.4,44
Saint-Nazaire,44,65868,46.8,67
Suresnes,92,39697,3.8,165
Bayonne,64,40113,21.7,162
Lille,59,184647	,30.2,13
Gap,05,36269,110.4,191
Colombes,92,76690,7.8,55
Istres,13,38983,113.7,171
Saint-Ouen,93,39719,4.3,164
Savigny-sur-Orge,91,36219,7.0,192
Saint-Malo,35,50697,36.6,104
Rezé,44,35518,13.8,198
Grasse,06,43848,44.4,136
Neuilly-sur-Seine,92,59874,3.7,79
Nanterre,92,84270,12.2,47
Caen,14,114007,25.7,31
Limoges,87,133924,77.5,24
Clermont-Ferrand,63,137154,42.7,21
Saint-Martin-d'Hères,38,35769,9.3,196
Clichy,92,50237,3.1,109
Roubaix,59,96959,13.2,38
Compiègne,60,41228,53.1,154
Sevran,93,47029	,7.3,122
Lyon,69,445274,47.9,3
Besançon,25,117691,65.1,30
Champigny-sur-Marne,94,74232,11.3,57
Rennes,35,206194,50.4,10
La-Roche-sur-Yon,85,49292,87.5,116
Saint-Pierre,974,69009,96.0,65
Saint-André,974,43150,53.1,144
Saint-Brieuc,22,46089,21.9,130
Massy,91,37704,9.4,178
Auxerre,89,37820,50.0,176
Argenteuil,95,93932,17.2,40
Ajaccio,2,52851,82.0,94
Tours,37,132677	,34.4,26
Vannes,56,51759,32.3,97
Narbonne,11,46506,173.0,127
Perpignan,66,105096,68.1,36
Le-Cannet,06,41940,7.7,150
Le-Blanc-Mesnil,93,46838,8.1,123
Orléans,45,113089,27.5,32
épinal,88,35782,59.2,195
Tarbes,65,46433	,15.3,128
Colmar,68,65118	,66.6,68
Joué-lès-Tours,37,36511,32.4,189
Bourges,18,72434,68.7,61
Marcq-en-Baroeul,59,37181,14.0,185
Arras,62,40535,11.6,160
Saint-étienne,42,180438,80.0,14
Vaulx-en-Velin,69,39128,21.0,169
Saint-Paul,974,87629,241.3,43
Pantin,93,49919,5.0,112
Antony,92,59849,9.6,80
Saint-Chamond,42,37361,54.9,179
Vénissieux,69,56014,15.3,87
Bron,69,37359,10.3,180
Mulhouse,68,110141,22.2,33
Montrouge,92,37716,2.1,177
La-Courneuve,93,35301,7.5,200
Levallois-Perret,92,54750,2.4,92
Annecy,74,50324,13.7,108
Puteaux,92,40871,3.2,157
Vitry-sur-Seine,94,78908,11.7,51
Chelles,77,45371,15.9,131
Chartres,28,40402,16.9,161
Gagny,93,36775,6.8,187
Montpellier,34,225511,56.9,8
Vincennes,94,43580,1.9,140